"year","sector","activity","domestic_va_musd","total_va_musd","domestic_share","domestic_share_pct"
1995,"Chemicals & pharmaceuticals","C20_21",11855.789,24808.721,0.477887957222785,47.7887957222785
1996,"Chemicals & pharmaceuticals","C20_21",11430.246,24289.079,0.470591989099298,47.0591989099298
1997,"Chemicals & pharmaceuticals","C20_21",9652.463,21389.902,0.451262609805318,45.1262609805318
1998,"Chemicals & pharmaceuticals","C20_21",8767.098,21187.834,0.413779813453324,41.3779813453324
1999,"Chemicals & pharmaceuticals","C20_21",8742.914,21132.818,0.413712643529131,41.3712643529131
2000,"Chemicals & pharmaceuticals","C20_21",7957.951,20067.643,0.396556336984867,39.6556336984867
2001,"Chemicals & pharmaceuticals","C20_21",7688.555,20026.991,0.383909644738943,38.3909644738943
2002,"Chemicals & pharmaceuticals","C20_21",7268.464,20889.02,0.347956198998325,34.7956198998325
2003,"Chemicals & pharmaceuticals","C20_21",9895.726,26216.138,0.377466963288033,37.7466963288033
2004,"Chemicals & pharmaceuticals","C20_21",10155.177,29172.599,0.348106694230432,34.8106694230432
2005,"Chemicals & pharmaceuticals","C20_21",10438.791,30287.482,0.344656944410235,34.4656944410235
2006,"Chemicals & pharmaceuticals","C20_21",10084.177,31849.047,0.316624136351709,31.6624136351709
2007,"Chemicals & pharmaceuticals","C20_21",11117.664,36564.059,0.304059896632373,30.4059896632373
2008,"Chemicals & pharmaceuticals","C20_21",10116.927,39673.966,0.255001655241626,25.5001655241626
2009,"Chemicals & pharmaceuticals","C20_21",9809.738,37216.442,0.263586132172441,26.3586132172441
2010,"Chemicals & pharmaceuticals","C20_21",9610.49,36790.686,0.261220733965113,26.1220733965113
2011,"Chemicals & pharmaceuticals","C20_21",9986.774,39944.089,0.250018820056204,25.0018820056204
2012,"Chemicals & pharmaceuticals","C20_21",7214.96,35009.972,0.206082998295457,20.6082998295457
2013,"Chemicals & pharmaceuticals","C20_21",7901.777,35863.563,0.220328833473685,22.0328833473685
2014,"Chemicals & pharmaceuticals","C20_21",7334.174,37482.938,0.19566699920908,19.566699920908
2015,"Chemicals & pharmaceuticals","C20_21",6113.961,35072.203,0.174324977532777,17.4324977532777
2016,"Chemicals & pharmaceuticals","C20_21",6417.146,35826.173,0.179118936315079,17.9118936315079
2017,"Chemicals & pharmaceuticals","C20_21",5867.825,37150.914,0.157945643006253,15.7945643006253
2018,"Chemicals & pharmaceuticals","C20_21",6976.765,39305.702,0.177500073653436,17.7500073653436
2019,"Chemicals & pharmaceuticals","C20_21",6440.699,36831.195,0.17487075833407,17.487075833407
2020,"Chemicals & pharmaceuticals","C20_21",7698.544,39545.951,0.194673381353252,19.4673381353252
2021,"Chemicals & pharmaceuticals","C20_21",5382.206,43422.245,0.123950431397547,12.3950431397547
2022,"Chemicals & pharmaceuticals","C20_21",5723.123,46885.944,0.122064791955559,12.2064791955559
1995,"Electronics & electrical equipment","C26_27",10757.104,25422.297,0.42313658753967,42.313658753967
1996,"Electronics & electrical equipment","C26_27",9194.482,23303.079,0.394560821769518,39.4560821769518
1997,"Electronics & electrical equipment","C26_27",6964.215,20805.099,0.334735970254215,33.4735970254215
1998,"Electronics & electrical equipment","C26_27",6829.601,21773.768,0.31366187974447,31.366187974447
1999,"Electronics & electrical equipment","C26_27",6902.931,22385.571,0.308365196491972,30.8365196491972
2000,"Electronics & electrical equipment","C26_27",6350.433,23037.307,0.275658652289523,27.5658652289523
2001,"Electronics & electrical equipment","C26_27",5827.37,20247.513,0.287806704951863,28.7806704951862
2002,"Electronics & electrical equipment","C26_27",6372.507,20933.675,0.304414155660676,30.4414155660676
2003,"Electronics & electrical equipment","C26_27",7338.597,25209.727,0.291101803680778,29.1101803680778
2004,"Electronics & electrical equipment","C26_27",7523.72,28602.613,0.26304310029297,26.304310029297
2005,"Electronics & electrical equipment","C26_27",5354.524,27231.417,0.19663038467664,19.663038467664
2006,"Electronics & electrical equipment","C26_27",5202.876,29279.041,0.177699672608813,17.7699672608813
2007,"Electronics & electrical equipment","C26_27",6225.257,32198.05,0.193342671372956,19.3342671372956
2008,"Electronics & electrical equipment","C26_27",7355.719,33848.205,0.217314891587309,21.7314891587309
2009,"Electronics & electrical equipment","C26_27",6422.073,29112.769,0.220592998213258,22.0592998213258
2010,"Electronics & electrical equipment","C26_27",4822.501,30198.049,0.159695780346605,15.9695780346605
2011,"Electronics & electrical equipment","C26_27",5033.626,32839.886,0.153277815885232,15.3277815885232
2012,"Electronics & electrical equipment","C26_27",3618.963,28787.886,0.125711314821797,12.5711314821797
2013,"Electronics & electrical equipment","C26_27",3691.505,29581.38,0.124791507360373,12.4791507360373
2014,"Electronics & electrical equipment","C26_27",3618.665,29984.686,0.120683771709332,12.0683771709332
2015,"Electronics & electrical equipment","C26_27",2641.042,26809.914,0.0985099019713379,9.85099019713379
2016,"Electronics & electrical equipment","C26_27",3192.79,27299.214,0.116955381938835,11.6955381938835
2017,"Electronics & electrical equipment","C26_27",3016.898,29416.963,0.102556405975695,10.2556405975695
2018,"Electronics & electrical equipment","C26_27",3267.617,30742.778,0.106288930688046,10.6288930688046
2019,"Electronics & electrical equipment","C26_27",3307.247,29187.946,0.113308658307097,11.3308658307097
2020,"Electronics & electrical equipment","C26_27",2073.577,28012.072,0.0740244063345261,7.40244063345261
2021,"Electronics & electrical equipment","C26_27",2935.218,33462.053,0.0877178097829204,8.77178097829204
2022,"Electronics & electrical equipment","C26_27",3370.928,33050.836,0.101992215870122,10.1992215870122
1995,"Food, beverages & tobacco","C10T12",28081.809,33770.135,0.831557498955808,83.1557498955808
1996,"Food, beverages & tobacco","C10T12",27182.722,33079.488,0.821739502134979,82.1739502134979
1997,"Food, beverages & tobacco","C10T12",24500.738,29869.921,0.820247833933006,82.0247833933006
1998,"Food, beverages & tobacco","C10T12",25175.81,31085.54,0.809888134483107,80.9888134483107
1999,"Food, beverages & tobacco","C10T12",25770.128,31593.199,0.815685932912333,81.5685932912334
2000,"Food, beverages & tobacco","C10T12",22668.629,27976.208,0.810282401389066,81.0282401389066
2001,"Food, beverages & tobacco","C10T12",22198.436,27512.763,0.80684139212045,80.684139212045
2002,"Food, beverages & tobacco","C10T12",24786.954,30625.962,0.809344503202871,80.9344503202871
2003,"Food, beverages & tobacco","C10T12",30998.95,38069.921,0.81426357569799,81.426357569799
2004,"Food, beverages & tobacco","C10T12",35664.449,43519.06,0.819513312098193,81.9513312098193
2005,"Food, beverages & tobacco","C10T12",34703.337,43020.949,0.806661354680949,80.6661354680949
2006,"Food, beverages & tobacco","C10T12",34164.156,42933.124,0.795752855068269,79.5752855068269
2007,"Food, beverages & tobacco","C10T12",39158.746,49269.188,0.794791787516368,79.4791787516368
2008,"Food, beverages & tobacco","C10T12",41347.082,52809.311,0.782950605055234,78.2950605055234
2009,"Food, beverages & tobacco","C10T12",39483.597,49762.233,0.793445040940988,79.3445040940988
2010,"Food, beverages & tobacco","C10T12",35880.213,46047.091,0.779206942736079,77.9206942736079
2011,"Food, beverages & tobacco","C10T12",39045.038,50987.387,0.76577836789322,76.577836789322
2012,"Food, beverages & tobacco","C10T12",35470.175,46154.273,0.768513350865694,76.8513350865693
2013,"Food, beverages & tobacco","C10T12",37951.411,49411.868,0.768062664621382,76.8062664621382
2014,"Food, beverages & tobacco","C10T12",38968.181,50986.452,0.764285010457288,76.4285010457288
2015,"Food, beverages & tobacco","C10T12",32942.757,43418.261,0.758730456754129,75.8730456754129
2016,"Food, beverages & tobacco","C10T12",33884.723,44425.237,0.762735897165838,76.2735897165838
2017,"Food, beverages & tobacco","C10T12",34694.529,45744.448,0.758442401578439,75.8442401578439
2018,"Food, beverages & tobacco","C10T12",36330.403,48710.503,0.745843314325865,74.5843314325865
2019,"Food, beverages & tobacco","C10T12",34810.567,46707.958,0.745281285899932,74.5281285899932
2020,"Food, beverages & tobacco","C10T12",35394.929,46205.629,0.766030671284661,76.6030671284661
2021,"Food, beverages & tobacco","C10T12",37181.809,49601.401,0.749612072449325,74.9612072449325
2022,"Food, beverages & tobacco","C10T12",31824.1,45597.364,0.697937275496891,69.7937275496891
1995,"Furniture & other manufacturing","C31T33",22179.876,25977.996,0.853794726891174,85.3794726891174
1996,"Furniture & other manufacturing","C31T33",21649.042,25555.479,0.847138963820635,84.7138963820635
1997,"Furniture & other manufacturing","C31T33",19602.17,23339.64,0.839865996219308,83.9865996219308
1998,"Furniture & other manufacturing","C31T33",20471.74,24514.21,0.835096868306178,83.5096868306179
1999,"Furniture & other manufacturing","C31T33",20566.375,24682.154,0.833248791819385,83.3248791819385
2000,"Furniture & other manufacturing","C31T33",18813.873,22833.596,0.823955762377507,82.3955762377507
2001,"Furniture & other manufacturing","C31T33",18567.707,22540.723,0.823740525093183,82.3740525093183
2002,"Furniture & other manufacturing","C31T33",19524.738,23620.864,0.826588646376356,82.6588646376356
2003,"Furniture & other manufacturing","C31T33",22741.619,27667.44,0.82196325355725,82.196325355725
2004,"Furniture & other manufacturing","C31T33",25379.735,31023.899,0.818070449494437,81.8070449494437
2005,"Furniture & other manufacturing","C31T33",25865.236,31956.031,0.80940076694756,80.940076694756
2006,"Furniture & other manufacturing","C31T33",26436.745,32993.446,0.801272622447501,80.1272622447501
2007,"Furniture & other manufacturing","C31T33",30446.965,38266.241,0.79566124616212,79.566124616212
2008,"Furniture & other manufacturing","C31T33",28415.581,38999.987,0.728604883893936,72.8604883893936
2009,"Furniture & other manufacturing","C31T33",27140.153,37094.851,0.731642054580567,73.1642054580567
2010,"Furniture & other manufacturing","C31T33",26073.642,36134.538,0.721571201491493,72.1571201491493
2011,"Furniture & other manufacturing","C31T33",27866.504,39352.172,0.708131281800659,70.8131281800659
2012,"Furniture & other manufacturing","C31T33",26882.975,37869.746,0.709879992329497,70.9879992329497
2013,"Furniture & other manufacturing","C31T33",27140.067,38646.796,0.702259173050206,70.2259173050206
2014,"Furniture & other manufacturing","C31T33",26250.347,39235.505,0.669045727842677,66.9045727842677
2015,"Furniture & other manufacturing","C31T33",22404.898,33213.16,0.674578931965522,67.4578931965522
2016,"Furniture & other manufacturing","C31T33",22318.164,33957.908,0.657230239271512,65.7230239271512
2017,"Furniture & other manufacturing","C31T33",22444.344,35044.667,0.640449629611262,64.0449629611261
2018,"Furniture & other manufacturing","C31T33",23532.499,36979.028,0.636374190257245,63.6374190257245
2019,"Furniture & other manufacturing","C31T33",24481.713,38237.447,0.640254905093428,64.0254905093428
2020,"Furniture & other manufacturing","C31T33",24144.483,38129.55,0.633222343300668,63.3222343300668
2021,"Furniture & other manufacturing","C31T33",27059.05,42349.875,0.638940492740533,63.8940492740533
2022,"Furniture & other manufacturing","C31T33",24139.829,40500.614,0.596036124291844,59.6036124291844
1995,"Machinery","C28",6153.669,15707.26,0.391772276004854,39.1772276004854
1996,"Machinery","C28",5566.859,14717.497,0.37824767350046,37.824767350046
1997,"Machinery","C28",4426.527,12908.066,0.342927205361361,34.2927205361361
1998,"Machinery","C28",4987.95,14251.759,0.349988376873339,34.9988376873339
1999,"Machinery","C28",5289.732,14984.454,0.353014664398182,35.3014664398182
2000,"Machinery","C28",4644.182,14373.263,0.32311257367238,32.311257367238
2001,"Machinery","C28",4647.402,14019.682,0.331491256363732,33.1491256363732
2002,"Machinery","C28",4381.9,13807.165,0.317364209089991,31.7364209089991
2003,"Machinery","C28",5681.429,16762.29,0.338941099336666,33.8941099336666
2004,"Machinery","C28",6412.862,19487.172,0.329081202752252,32.9081202752252
2005,"Machinery","C28",6167.192,19542.957,0.315571077601,31.5571077601
2006,"Machinery","C28",5808.206,19723.505,0.294481432179524,29.4481432179524
2007,"Machinery","C28",6374.607,23438.228,0.271974784100573,27.1974784100573
2008,"Machinery","C28",5484.317,24344.242,0.225281896228274,22.5281896228274
2009,"Machinery","C28",4820.383,18420.04,0.261692319886385,26.1692319886385
2010,"Machinery","C28",3948.283,18298.497,0.215770890909783,21.5770890909783
2011,"Machinery","C28",4595.098,21838.429,0.210413395578959,21.0413395578959
2012,"Machinery","C28",3857.126,19275.714,0.200102885942383,20.0102885942383
2013,"Machinery","C28",3862.742,19844.126,0.194654176253467,19.4654176253467
2014,"Machinery","C28",3648.326,20487.911,0.178072132390657,17.8072132390657
2015,"Machinery","C28",2654.855,17003.688,0.156134069267797,15.6134069267797
2016,"Machinery","C28",3080.444,17891.193,0.172176556364911,17.2176556364911
2017,"Machinery","C28",2860.832,19077.327,0.149959792585198,14.9959792585198
2018,"Machinery","C28",3022.215,20576.304,0.146878418981368,14.6878418981368
2019,"Machinery","C28",3176.619,19889.363,0.15971446647135,15.971446647135
2020,"Machinery","C28",2545.222,19082.165,0.133382244624758,13.3382244624758
2021,"Machinery","C28",2990.444,21944.199,0.136274921677478,13.6274921677478
2022,"Machinery","C28",2620.035,20607.153,0.127142017143271,12.7142017143271
1995,"Metals","C24_25",17749.893,29617.475,0.599304734789174,59.9304734789174
1996,"Metals","C24_25",17761.373,29007.873,0.612294910419664,61.2294910419664
1997,"Metals","C24_25",14344.794,24385.851,0.588242501768751,58.8242501768751
1998,"Metals","C24_25",16180.919,27241.409,0.593982455165957,59.3982455165957
1999,"Metals","C24_25",14691.359,25776.673,0.569947836169548,56.9947836169548
2000,"Metals","C24_25",13884.584,24876.044,0.558150805650609,55.8150805650609
2001,"Metals","C24_25",13241.045,24187.352,0.547436734703328,54.7436734703328
2002,"Metals","C24_25",13910.393,24934.453,0.557878410246256,55.7878410246256
2003,"Metals","C24_25",16463.053,29747.993,0.553417267511123,55.3417267511123
2004,"Metals","C24_25",18612.513,34906.299,0.533213589902499,53.3213589902499
2005,"Metals","C24_25",19055.408,36661.519,0.519765915863988,51.9765915863988
2006,"Metals","C24_25",19117.666,38997.994,0.490221779099715,49.0221779099715
2007,"Metals","C24_25",22517.672,46482.527,0.484433042979785,48.4433042979785
2008,"Metals","C24_25",23336.078,50107.353,0.465721627721983,46.5721627721983
2009,"Metals","C24_25",20736.205,40111.212,0.516967799427252,51.6967799427252
2010,"Metals","C24_25",19993.23,40535.772,0.493224355021535,49.3224355021535
2011,"Metals","C24_25",21746.26,45791.299,0.474899390820951,47.489939082095
2012,"Metals","C24_25",19013.734,40791.369,0.46612149741775,46.612149741775
2013,"Metals","C24_25",19777.675,41297.515,0.478907144897217,47.8907144897217
2014,"Metals","C24_25",19242.643,41835.727,0.459957179661298,45.9957179661298
2015,"Metals","C24_25",15807.417,34552.001,0.457496426907374,45.7496426907374
2016,"Metals","C24_25",15944.178,35319.419,0.451428093989881,45.1428093989881
2017,"Metals","C24_25",16659.147,37939.527,0.439097382526672,43.9097382526672
2018,"Metals","C24_25",17354.122,40934.753,0.423945931712352,42.3945931712352
2019,"Metals","C24_25",16526.687,39219.352,0.421391128542868,42.1391128542868
2020,"Metals","C24_25",14305.624,34976.604,0.409005516944984,40.9005516944984
2021,"Metals","C24_25",16277.078,42046.264,0.387123050932658,38.7123050932658
2022,"Metals","C24_25",15890.077,43007.049,0.369476106114605,36.9476106114605
1995,"Non-metallic minerals","C23",7883.954,10408.859,0.757427303031005,75.7427303031005
1996,"Non-metallic minerals","C23",7420.946,9818.832,0.755787042695099,75.5787042695099
1997,"Non-metallic minerals","C23",6281.525,8479.026,0.740830963367726,74.0830963367726
1998,"Non-metallic minerals","C23",6601.915,8996.525,0.733829450815732,73.3829450815732
1999,"Non-metallic minerals","C23",6276.436,8647.52,0.725807630395767,72.5807630395767
2000,"Non-metallic minerals","C23",5594.946,8013.858,0.698158864307304,69.8158864307304
2001,"Non-metallic minerals","C23",5535.094,7882.275,0.702220361507306,70.2220361507306
2002,"Non-metallic minerals","C23",6012.384,8482.422,0.708805103070797,70.8805103070797
2003,"Non-metallic minerals","C23",7303.697,10208.762,0.715434153524198,71.5434153524198
2004,"Non-metallic minerals","C23",7852.892,11271.278,0.696717089224487,69.6717089224487
2005,"Non-metallic minerals","C23",8237.851,12035.251,0.684476875471895,68.4476875471895
2006,"Non-metallic minerals","C23",8574.017,12391.385,0.691933710396376,69.1933710396376
2007,"Non-metallic minerals","C23",10306.549,14940.501,0.689839584361997,68.9839584361997
2008,"Non-metallic minerals","C23",10465.001,15268.447,0.685400486375595,68.5400486375595
2009,"Non-metallic minerals","C23",8905.235,12567.51,0.70859183720562,70.859183720562
2010,"Non-metallic minerals","C23",8101.632,12114.071,0.668778645923406,66.8778645923406
2011,"Non-metallic minerals","C23",9065.652,13507.457,0.67115904940508,67.115904940508
2012,"Non-metallic minerals","C23",8035.997,12037.642,0.667572353455934,66.7572353455934
2013,"Non-metallic minerals","C23",8109.36,12111.711,0.669547019409562,66.9547019409562
2014,"Non-metallic minerals","C23",8062.604,12275.226,0.656819190131408,65.6819190131408
2015,"Non-metallic minerals","C23",6539.284,10248.778,0.638054995434578,63.8054995434578
2016,"Non-metallic minerals","C23",6605.838,10313.831,0.640483444027733,64.0483444027733
2017,"Non-metallic minerals","C23",6945.877,11131.16,0.624002979024648,62.4002979024648
2018,"Non-metallic minerals","C23",7370.538,11996.03,0.61441476888604,61.441476888604
2019,"Non-metallic minerals","C23",7517.221,11984.016,0.6272706077829,62.72706077829
2020,"Non-metallic minerals","C23",6928.576,11253.42,0.615686253601127,61.5686253601127
2021,"Non-metallic minerals","C23",7776.913,12647.863,0.614879604562447,61.4879604562447
2022,"Non-metallic minerals","C23",8215.835,13533.952,0.607053652916753,60.7053652916753
1995,"Petroleum products","C19",1584.826,3549.332,0.44651387923136,44.651387923136
1996,"Petroleum products","C19",1930.339,3971.22,0.486082110787113,48.6082110787113
1997,"Petroleum products","C19",1535.201,3553.877,0.431979215937974,43.1979215937974
1998,"Petroleum products","C19",1290.176,3651.704,0.353307935144798,35.3307935144798
1999,"Petroleum products","C19",933.996,2866.88,0.325788313427838,32.5788313427838
2000,"Petroleum products","C19",1265.414,3654.267,0.346283946958446,34.6283946958446
2001,"Petroleum products","C19",885.847,3413.327,0.259525969823577,25.9525969823577
2002,"Petroleum products","C19",790.722,3296.833,0.239842903780689,23.9842903780689
2003,"Petroleum products","C19",1278.246,4662.631,0.27414693549629,27.414693549629
2004,"Petroleum products","C19",1905.819,6563.186,0.290380159879668,29.0380159879668
2005,"Petroleum products","C19",2149.786,8549.31,0.251457252105726,25.1457252105726
2006,"Petroleum products","C19",1874.834,8919.967,0.210183961442907,21.0183961442907
2007,"Petroleum products","C19",2717.428,10905.202,0.249186397464256,24.9186397464256
2008,"Petroleum products","C19",2632.428,11948.296,0.220318278020565,22.0318278020565
2009,"Petroleum products","C19",1665.475,7998.1,0.208233830534752,20.8233830534752
2010,"Petroleum products","C19",1684.083,9310.01,0.18088949421107,18.088949421107
2011,"Petroleum products","C19",2017.036,11027.685,0.182906566518721,18.2906566518721
2012,"Petroleum products","C19",1826.955,10503.861,0.173931757093891,17.3931757093891
2013,"Petroleum products","C19",1675.929,9972.425,0.168056315289411,16.8056315289411
2014,"Petroleum products","C19",1587.6,9657.285,0.164394029999115,16.4394029999115
2015,"Petroleum products","C19",1233.858,7721.236,0.159800581150479,15.9800581150479
2016,"Petroleum products","C19",1295.193,7224.279,0.179283358242393,17.9283358242393
2017,"Petroleum products","C19",1418.128,8769.197,0.161716973629398,16.1716973629398
2018,"Petroleum products","C19",1258.218,9565.563,0.131536220084484,13.1536220084484
2019,"Petroleum products","C19",1239.491,8866.675,0.139792086661573,13.9792086661573
2020,"Petroleum products","C19",969.909,6200.356,0.156427953491703,15.6427953491703
2021,"Petroleum products","C19",827.763,9333.334,0.0886888865222224,8.86888865222224
2022,"Petroleum products","C19",3082.826,17921.731,0.172016084830199,17.2016084830199
1995,"Rubber & plastics","C22",7312.209,11661.963,0.627013565383461,62.7013565383461
1996,"Rubber & plastics","C22",6834.288,11216.049,0.609331146823627,60.9331146823627
1997,"Rubber & plastics","C22",5772.441,9563.459,0.603593427859104,60.3593427859104
1998,"Rubber & plastics","C22",6316.433,10545.574,0.598965309996402,59.8965309996402
1999,"Rubber & plastics","C22",5946.175,10232.987,0.581079112091123,58.1079112091123
2000,"Rubber & plastics","C22",5294.69,9618.979,0.550441995974833,55.0441995974833
2001,"Rubber & plastics","C22",5443.899,9651.839,0.564027124779019,56.4027124779019
2002,"Rubber & plastics","C22",5914.259,10465.624,0.565112887678747,56.5112887678747
2003,"Rubber & plastics","C22",7554.159,13010.676,0.580612337129908,58.0612337129908
2004,"Rubber & plastics","C22",8246.637,14596.559,0.564971305908468,56.4971305908468
2005,"Rubber & plastics","C22",8056.428,14607.653,0.551521041744351,55.1521041744351
2006,"Rubber & plastics","C22",7817.897,14761.458,0.529615502750474,52.9615502750474
2007,"Rubber & plastics","C22",8531.484,16804.032,0.507704579472355,50.7704579472355
2008,"Rubber & plastics","C22",8754.001,17110.898,0.511603832832152,51.1603832832152
2009,"Rubber & plastics","C22",7901.945,14975.373,0.527662649871893,52.7662649871893
2010,"Rubber & plastics","C22",6101.559,13821.071,0.441467886244127,44.1467886244127
2011,"Rubber & plastics","C22",6607.451,15258.426,0.433036212254134,43.3036212254134
2012,"Rubber & plastics","C22",5683.959,13608.868,0.417665819082087,41.7665819082087
2013,"Rubber & plastics","C22",5686.241,14031.631,0.405244479419392,40.5244479419392
2014,"Rubber & plastics","C22",5484.134,14044.281,0.39048876905838,39.048876905838
2015,"Rubber & plastics","C22",4674.155,12347.871,0.378539344960763,37.8539344960763
2016,"Rubber & plastics","C22",4906.928,12654.682,0.387755930966894,38.7755930966894
2017,"Rubber & plastics","C22",4811.379,13056.551,0.368503060264537,36.8503060264537
2018,"Rubber & plastics","C22",4844.726,13606.299,0.356064937276478,35.6064937276478
2019,"Rubber & plastics","C22",4463.441,12748.357,0.350118921206866,35.0118921206866
2020,"Rubber & plastics","C22",3777.962,12309.215,0.306921440563025,30.6921440563025
2021,"Rubber & plastics","C22",4480.647,13927.598,0.321709960324817,32.1709960324817
2022,"Rubber & plastics","C22",3965.489,13769.716,0.287986259121103,28.7986259121103
1995,"Textiles, apparel & leather","C13T15",9670.772,15985.844,0.604958487021392,60.4958487021392
1996,"Textiles, apparel & leather","C13T15",8742.437,15382.609,0.568332524086129,56.8332524086129
1997,"Textiles, apparel & leather","C13T15",7071.173,13336.615,0.530207477684555,53.0207477684555
1998,"Textiles, apparel & leather","C13T15",7117.573,13744.658,0.517842859385807,51.7842859385807
1999,"Textiles, apparel & leather","C13T15",6168.086,12526.699,0.492395163322756,49.2395163322756
2000,"Textiles, apparel & leather","C13T15",4959.446,10881.339,0.455775341619262,45.5775341619262
2001,"Textiles, apparel & leather","C13T15",4747.731,10574.172,0.448993169394256,44.8993169394256
2002,"Textiles, apparel & leather","C13T15",4968.773,11016.794,0.451018054798883,45.1018054798882
2003,"Textiles, apparel & leather","C13T15",5702.648,13500.106,0.422415053629949,42.2415053629949
2004,"Textiles, apparel & leather","C13T15",5647.644,14443.447,0.391017739740382,39.1017739740382
2005,"Textiles, apparel & leather","C13T15",4903.794,13781.217,0.35583170920246,35.583170920246
2006,"Textiles, apparel & leather","C13T15",4170.822,13414,0.310930520351871,31.0930520351871
2007,"Textiles, apparel & leather","C13T15",4508.812,15264.175,0.295385240276661,29.5385240276661
2008,"Textiles, apparel & leather","C13T15",5406.917,16568.624,0.326334703473264,32.6334703473264
2009,"Textiles, apparel & leather","C13T15",4028.585,13524.311,0.297877281881495,29.7877281881495
2010,"Textiles, apparel & leather","C13T15",4338.447,14408.282,0.301107862825006,30.1107862825006
2011,"Textiles, apparel & leather","C13T15",4738.695,16979.114,0.279089650967654,27.9089650967654
2012,"Textiles, apparel & leather","C13T15",3865.703,14571.504,0.265291969861176,26.5291969861176
2013,"Textiles, apparel & leather","C13T15",3849.5,15760.139,0.244255459929636,24.4255459929636
2014,"Textiles, apparel & leather","C13T15",3586.223,17110.193,0.209595707073556,20.9595707073556
2015,"Textiles, apparel & leather","C13T15",3133.5,14724.902,0.212802774510825,21.2802774510825
2016,"Textiles, apparel & leather","C13T15",3183.349,14804.293,0.215028775774703,21.5028775774703
2017,"Textiles, apparel & leather","C13T15",3244.947,15835.364,0.204917739813243,20.4917739813243
2018,"Textiles, apparel & leather","C13T15",4034.29,17614.07,0.229037922524436,22.9037922524436
2019,"Textiles, apparel & leather","C13T15",3960.951,17025.133,0.232653160477513,23.2653160477513
2020,"Textiles, apparel & leather","C13T15",3866.824,16289.397,0.237382881637669,23.7382881637669
2021,"Textiles, apparel & leather","C13T15",3865.424,18526.687,0.20864086493176,20.864086493176
2022,"Textiles, apparel & leather","C13T15",2864.884,18367.732,0.155973747874806,15.5973747874806
1995,"Transport equipment","C29_30",12183.316,22501.803,0.541437323933553,54.1437323933553
1996,"Transport equipment","C29_30",11349.595,21331.019,0.532069986904986,53.2069986904986
1997,"Transport equipment","C29_30",10688.603,20297.064,0.526608331135971,52.6608331135971
1998,"Transport equipment","C29_30",11277.571,21621.897,0.521581015763788,52.1581015763788
1999,"Transport equipment","C29_30",12145.347,23139.299,0.524879643069567,52.4879643069567
2000,"Transport equipment","C29_30",10521.568,20612.5,0.510445991510006,51.0445991510006
2001,"Transport equipment","C29_30",10028.254,21546.689,0.465419721795771,46.5419721795771
2002,"Transport equipment","C29_30",10976.927,22949.396,0.478310060970668,47.8310060970668
2003,"Transport equipment","C29_30",12706.3,26905.935,0.47224896663134,47.224896663134
2004,"Transport equipment","C29_30",14068.415,30611.034,0.45958640273308,45.958640273308
2005,"Transport equipment","C29_30",15140.864,33340.036,0.454134602614106,45.4134602614106
2006,"Transport equipment","C29_30",15933.654,35264.852,0.451828182917087,45.1828182917087
2007,"Transport equipment","C29_30",17557.141,40496.65,0.433545515493257,43.3545515493257
2008,"Transport equipment","C29_30",19942.295,44555.878,0.447579441706883,44.7579441706883
2009,"Transport equipment","C29_30",14993.283,33354.032,0.449519356460412,44.9519356460412
2010,"Transport equipment","C29_30",14885.159,36261.927,0.410490016153857,41.0490016153857
2011,"Transport equipment","C29_30",15061.503,40267.163,0.374039338207164,37.4039338207164
2012,"Transport equipment","C29_30",15459.995,37701.645,0.410061550364712,41.0061550364712
2013,"Transport equipment","C29_30",15715.161,39374.17,0.399123613272356,39.9123613272356
2014,"Transport equipment","C29_30",17109.279,42089.969,0.406493029253597,40.6493029253597
2015,"Transport equipment","C29_30",14505.289,38643.52,0.375361483632961,37.5361483632961
2016,"Transport equipment","C29_30",12802.471,37704.257,0.339549748984578,33.9549748984577
2017,"Transport equipment","C29_30",14229.6,40474.14,0.351572633785424,35.1572633785424
2018,"Transport equipment","C29_30",14045.266,42595.904,0.329732783696761,32.9732783696761
2019,"Transport equipment","C29_30",13372.05,41126.562,0.325143881465219,32.514388146522
2020,"Transport equipment","C29_30",10704.978,34668.127,0.308784434763378,30.8784434763378
2021,"Transport equipment","C29_30",11670.79,38321.652,0.304548196408652,30.4548196408652
2022,"Transport equipment","C29_30",10334.496,36951.457,0.279677632197291,27.9677632197291
1995,"Wood, paper & printing","C16T18",11846.669,19045.118,0.622031798385287,62.2031798385287
1996,"Wood, paper & printing","C16T18",11475.683,18470.573,0.621295451960261,62.1295451960261
1997,"Wood, paper & printing","C16T18",9844.22,15820.731,0.62223547066188,62.223547066188
1998,"Wood, paper & printing","C16T18",10292.094,16678.506,0.617087285875605,61.7087285875605
1999,"Wood, paper & printing","C16T18",9788.873,16140.294,0.606486660032339,60.6486660032339
2000,"Wood, paper & printing","C16T18",8653.113,15257.912,0.567123011326845,56.7123011326845
2001,"Wood, paper & printing","C16T18",8694.617,14920.599,0.582725733732272,58.2725733732272
2002,"Wood, paper & printing","C16T18",9287.523,15613.05,0.594856418188631,59.4856418188631
2003,"Wood, paper & printing","C16T18",11215.967,18560.086,0.604305766686641,60.4305766686642
2004,"Wood, paper & printing","C16T18",12004.544,20157.966,0.595523576138585,59.5523576138585
2005,"Wood, paper & printing","C16T18",11454.116,19722.834,0.580754064045765,58.0754064045765
2006,"Wood, paper & printing","C16T18",11116.632,19652.369,0.565663712094964,56.5663712094964
2007,"Wood, paper & printing","C16T18",12638.468,22571.323,0.559934745517576,55.9934745517576
2008,"Wood, paper & printing","C16T18",13320.143,23337.037,0.570772673497497,57.0772673497497
2009,"Wood, paper & printing","C16T18",11874.796,20057.6,0.592034739948947,59.2034739948947
2010,"Wood, paper & printing","C16T18",10430.062,18883.219,0.552345550830078,55.2345550830078
2011,"Wood, paper & printing","C16T18",11494.713,20897.06,0.550063645316614,55.0063645316614
2012,"Wood, paper & printing","C16T18",10314.235,18578.129,0.555181579372175,55.5181579372175
2013,"Wood, paper & printing","C16T18",10305.348,18651.26,0.552528247421354,55.2528247421354
2014,"Wood, paper & printing","C16T18",10074.249,18810.738,0.535558413497652,53.5558413497652
2015,"Wood, paper & printing","C16T18",8203.386,15657.386,0.523930750637431,52.3930750637431
2016,"Wood, paper & printing","C16T18",8449.529,15797.722,0.53485743071058,53.485743071058
2017,"Wood, paper & printing","C16T18",8633.995,16337.152,0.52848838034928,52.848838034928
2018,"Wood, paper & printing","C16T18",8927.622,17493.423,0.510341629536998,51.0341629536998
2019,"Wood, paper & printing","C16T18",8497.243,16571.072,0.512775697311556,51.2775697311556
2020,"Wood, paper & printing","C16T18",7705.395,15616.814,0.493403776211973,49.3403776211973
2021,"Wood, paper & printing","C16T18",8363.53,17376.634,0.481308980784196,48.1308980784196
2022,"Wood, paper & printing","C16T18",9014.16,18782.895,0.479913240211373,47.9913240211373
